{"files":{"rails_admin/rails_admin-bb7e8f51079c28007cff89e1f3e90b1a2f342e878ac21b77e9e1f1ef3a045e17.js":{"logical_path":"rails_admin/rails_admin.js","mtime":"2017-11-15T20:09:25+01:00","size":1186371,"digest":"bb7e8f51079c28007cff89e1f3e90b1a2f342e878ac21b77e9e1f1ef3a045e17","integrity":"sha256-u36PUQecKAB8/4nh8+kLGi80LoeKwht36eHx7zoEXhc="},"rails_admin/rails_admin-393512a1a7c0061ad1c33ca264c8f88a6c00d8988fc43f0e7b7274870fb4ff3f.css":{"logical_path":"rails_admin/rails_admin.css","mtime":"2017-11-15T20:09:01+01:00","size":636394,"digest":"393512a1a7c0061ad1c33ca264c8f88a6c00d8988fc43f0e7b7274870fb4ff3f","integrity":"sha256-OTUSoafABhrRwzyiZMj4imwA2JiPxD8Oe3J0hw+0/z8="},"rails_admin/aristo/images/bg_fallback-bad53cee26694a42bdba717337e2de9f997ebf3ded300b8c3ff48ac5192c1903.png":{"logical_path":"rails_admin/aristo/images/bg_fallback.png","mtime":"2017-11-12T15:47:42+01:00","size":168,"digest":"bad53cee26694a42bdba717337e2de9f997ebf3ded300b8c3ff48ac5192c1903","integrity":"sha256-utU87iZpSkK9unFzN+Len5l+vz3tMAuMP/SKxRksGQM="},"rails_admin/aristo/images/ui-icons_222222_256x240-310ae73efc6774716f0a80ce2141565fddec51702330a8066fd5e220437ae321.png":{"logical_path":"rails_admin/aristo/images/ui-icons_222222_256x240.png","mtime":"2017-11-12T15:47:42+01:00","size":3699,"digest":"310ae73efc6774716f0a80ce2141565fddec51702330a8066fd5e220437ae321","integrity":"sha256-MQrnPvxndHFvCoDOIUFWX93sUXAjMKgGb9XiIEN64yE="},"rails_admin/aristo/images/ui-icons_454545_256x240-d59c6da436d1a19aa35bcbf2d400ad160f2b2568fbbfa2f9ebfc192d14025474.png":{"logical_path":"rails_admin/aristo/images/ui-icons_454545_256x240.png","mtime":"2017-11-12T15:47:42+01:00","size":3699,"digest":"d59c6da436d1a19aa35bcbf2d400ad160f2b2568fbbfa2f9ebfc192d14025474","integrity":"sha256-1ZxtpDbRoZqjW8vy1ACtFg8rJWj7v6L56/wZLRQCVHQ="},"rails_admin/aristo/images/icon_sprite-34a30806fcba43a2effc9739cb7a370a865199a7d38bfcbc7c2474ef3ff70ded.png":{"logical_path":"rails_admin/aristo/images/icon_sprite.png","mtime":"2017-11-12T15:47:42+01:00","size":2660,"digest":"34a30806fcba43a2effc9739cb7a370a865199a7d38bfcbc7c2474ef3ff70ded","integrity":"sha256-NKMIBvy6Q6Lv/Jc5y3o3CoZRmafTi/y8fCR07z/3De0="},"rails_admin/aristo/images/slider_handles-4b523f3d1bd18af5fec23ec7d58ed85e4c7e8f4685fe85a8407e2d9017bf6484.png":{"logical_path":"rails_admin/aristo/images/slider_handles.png","mtime":"2017-11-12T15:47:42+01:00","size":1351,"digest":"4b523f3d1bd18af5fec23ec7d58ed85e4c7e8f4685fe85a8407e2d9017bf6484","integrity":"sha256-S1I/PRvRivX+wj7H1Y7YXkx+j0aF/oWoQH4tkBe/ZIQ="},"rails_admin/aristo/images/progress_bar-a2ed712d76dcffc7a06918cd389511bca2cf7bb91c12b1d865bf44c7b2c46289.gif":{"logical_path":"rails_admin/aristo/images/progress_bar.gif","mtime":"2017-11-12T15:47:42+01:00","size":494,"digest":"a2ed712d76dcffc7a06918cd389511bca2cf7bb91c12b1d865bf44c7b2c46289","integrity":"sha256-ou1xLXbc/8egaRjNOJURvKLPe7kcErHYZb9Ex7LEYok="},"rails_admin/multiselect/icon_sprite-34a30806fcba43a2effc9739cb7a370a865199a7d38bfcbc7c2474ef3ff70ded.png":{"logical_path":"rails_admin/multiselect/icon_sprite.png","mtime":"2017-11-12T15:47:42+01:00","size":2660,"digest":"34a30806fcba43a2effc9739cb7a370a865199a7d38bfcbc7c2474ef3ff70ded","integrity":"sha256-NKMIBvy6Q6Lv/Jc5y3o3CoZRmafTi/y8fCR07z/3De0="},"rails_admin/multiselect/ui-icon-circle-triangle-n-light-e7daf3169259a9fd6b8177b8e89ff2b964cd3dababd580a46d7fb4eecc07763b.png":{"logical_path":"rails_admin/multiselect/ui-icon-circle-triangle-n-light.png","mtime":"2017-11-12T15:47:42+01:00","size":492,"digest":"e7daf3169259a9fd6b8177b8e89ff2b964cd3dababd580a46d7fb4eecc07763b","integrity":"sha256-59rzFpJZqf1rgXe46J/yuWTNPaur1YCkbX+07swHdjs="},"rails_admin/multiselect/ui-icon-circle-triangle-n-dark-bb53269e44173a496d2620bad201ca838a57b67c40b3439b5ce89345ef9e888b.png":{"logical_path":"rails_admin/multiselect/ui-icon-circle-triangle-n-dark.png","mtime":"2017-11-12T15:47:42+01:00","size":334,"digest":"bb53269e44173a496d2620bad201ca838a57b67c40b3439b5ce89345ef9e888b","integrity":"sha256-u1MmnkQXOkltJiC60gHKg4pXtnxAs0ObXOiTRe+eiIs="},"rails_admin/multiselect/ui-icon-circle-triangle-s-light-e1698d37f37f7db85ce6736810a34b1a229306be8a3f3be156fbaa47dd6cd160.png":{"logical_path":"rails_admin/multiselect/ui-icon-circle-triangle-s-light.png","mtime":"2017-11-12T15:47:42+01:00","size":484,"digest":"e1698d37f37f7db85ce6736810a34b1a229306be8a3f3be156fbaa47dd6cd160","integrity":"sha256-4WmNN/N/fbhc5nNoEKNLGiKTBr6KPzvhVvuqR91s0WA="},"rails_admin/multiselect/ui-icon-circle-triangle-s-dark-2bf097798e2b1db766a16ff4f335d3fe94bd51f92dc2ddf47c8a370ba31189c0.png":{"logical_path":"rails_admin/multiselect/ui-icon-circle-triangle-s-dark.png","mtime":"2017-11-12T15:47:42+01:00","size":338,"digest":"2bf097798e2b1db766a16ff4f335d3fe94bd51f92dc2ddf47c8a370ba31189c0","integrity":"sha256-K/CXeY4rHbdmoW/08zXT/pS9Ufktwt30fIo3C6MRicA="},"rails_admin/colorpicker/select2-8ddf680d1a86d603653e43f694bbb6dc1010aa81f5c0c9c87181e10e064e503b.png":{"logical_path":"rails_admin/colorpicker/select2.png","mtime":"2017-11-12T15:47:42+01:00","size":305,"digest":"8ddf680d1a86d603653e43f694bbb6dc1010aa81f5c0c9c87181e10e064e503b","integrity":"sha256-jd9oDRqG1gNlPkP2lLu23BAQqoH1wMnIcYHhDgZOUDs="},"rails_admin/colorpicker/custom_background-52967b595ae718ad95520b9cf2b22551fb8cb0d81a171db869b00d2b604b4976.png":{"logical_path":"rails_admin/colorpicker/custom_background.png","mtime":"2017-11-12T15:47:42+01:00","size":1557,"digest":"52967b595ae718ad95520b9cf2b22551fb8cb0d81a171db869b00d2b604b4976","integrity":"sha256-UpZ7WVrnGK2VUguc8rIlUfuMsNgaFx24abANK2BLSXY="},"rails_admin/colorpicker/colorpicker_overlay-ba21ab85c59167b61af508e34a22ee344c97bb11454d287a47691fa2fb182856.png":{"logical_path":"rails_admin/colorpicker/colorpicker_overlay.png","mtime":"2017-11-12T15:47:42+01:00","size":6971,"digest":"ba21ab85c59167b61af508e34a22ee344c97bb11454d287a47691fa2fb182856","integrity":"sha256-uiGrhcWRZ7Ya9QjjSiLuNEyXuxFFTSh6R2kfovsYKFY="},"rails_admin/colorpicker/colorpicker_select-980ae86d6aab751f6f67a1191d78c0fa54b533583456b905ec43b34d5806ee2d.gif":{"logical_path":"rails_admin/colorpicker/colorpicker_select.gif","mtime":"2017-11-12T15:47:42+01:00","size":72,"digest":"980ae86d6aab751f6f67a1191d78c0fa54b533583456b905ec43b34d5806ee2d","integrity":"sha256-mArobWqrdR9vZ6EZHXjA+lS1M1g0VrkF7EOzTVgG7i0="},"rails_admin/colorpicker/custom_indic-8ca62ee85015e67671f2312a2fead633740335f65e254d8f4c3ea29b99f62de7.gif":{"logical_path":"rails_admin/colorpicker/custom_indic.gif","mtime":"2017-11-12T15:47:42+01:00","size":85,"digest":"8ca62ee85015e67671f2312a2fead633740335f65e254d8f4c3ea29b99f62de7","integrity":"sha256-jKYu6FAV5nZx8jEqL+rWM3QDNfZeJU2PTD6im5n2Lec="},"rails_admin/colorpicker/custom_hex-4b1a7b08312edc3732cf30c7d8d5291abea41c64311c3d05d67a586cbe3dcf37.png":{"logical_path":"rails_admin/colorpicker/custom_hex.png","mtime":"2017-11-12T15:47:42+01:00","size":347,"digest":"4b1a7b08312edc3732cf30c7d8d5291abea41c64311c3d05d67a586cbe3dcf37","integrity":"sha256-Sxp7CDEu3DcyzzDH2NUpGr6kHGQxHD0F1npYbL49zzc="},"rails_admin/colorpicker/custom_rgb_r-54289ccad89df00514d84ba6d16d1a0abc0d61de95dcfc054bf2202e238a7cb6.png":{"logical_path":"rails_admin/colorpicker/custom_rgb_r.png","mtime":"2017-11-12T15:47:42+01:00","size":727,"digest":"54289ccad89df00514d84ba6d16d1a0abc0d61de95dcfc054bf2202e238a7cb6","integrity":"sha256-VCicytid8AUU2Eum0W0aCrwNYd6V3PwFS/IgLiOKfLY="},"rails_admin/colorpicker/custom_rgb_g-8ab4d41c46fc26080b75eecc6f8c25d8f6db5264cf56ecc4993f86d100ebd71f.png":{"logical_path":"rails_admin/colorpicker/custom_rgb_g.png","mtime":"2017-11-12T15:47:42+01:00","size":780,"digest":"8ab4d41c46fc26080b75eecc6f8c25d8f6db5264cf56ecc4993f86d100ebd71f","integrity":"sha256-irTUHEb8JggLde7Mb4wl2PbbUmTPVuzEmT+G0QDr1x8="},"rails_admin/colorpicker/custom_rgb_b-22f2da1810cd9da18a1f93418b8f45bd3cb676aa9790ad5e1aba37779fb3ac31.png":{"logical_path":"rails_admin/colorpicker/custom_rgb_b.png","mtime":"2017-11-12T15:47:42+01:00","size":722,"digest":"22f2da1810cd9da18a1f93418b8f45bd3cb676aa9790ad5e1aba37779fb3ac31","integrity":"sha256-IvLaGBDNnaGKH5NBi49FvTy2dqqXkK1eGro3d5+zrDE="},"rails_admin/colorpicker/custom_hsb_h-df01edb80a710cdd9d9057201eaa682a8c86cd80ad6c6929f1d4a9182ad6aed3.png":{"logical_path":"rails_admin/colorpicker/custom_hsb_h.png","mtime":"2017-11-12T15:47:42+01:00","size":711,"digest":"df01edb80a710cdd9d9057201eaa682a8c86cd80ad6c6929f1d4a9182ad6aed3","integrity":"sha256-3wHtuApxDN2dkFcgHqpoKoyGzYCtbGkp8dSpGCrWrtM="},"rails_admin/colorpicker/custom_hsb_s-9277f3fd9eb79baef2384f7b38968184fd40d631024149c7b41543b7796c0706.png":{"logical_path":"rails_admin/colorpicker/custom_hsb_s.png","mtime":"2017-11-12T15:47:42+01:00","size":845,"digest":"9277f3fd9eb79baef2384f7b38968184fd40d631024149c7b41543b7796c0706","integrity":"sha256-knfz/Z63m67yOE97OJaBhP1A1jECQUnHtBVDt3lsBwY="},"rails_admin/colorpicker/custom_hsb_b-7160b5fd5c5779102cb91f771b80ef2621dabe10bf06e8359deaefece831b58b.png":{"logical_path":"rails_admin/colorpicker/custom_hsb_b.png","mtime":"2017-11-12T15:47:42+01:00","size":795,"digest":"7160b5fd5c5779102cb91f771b80ef2621dabe10bf06e8359deaefece831b58b","integrity":"sha256-cWC1/VxXeRAsuR93G4DvJiHavhC/Bug1nerv7OgxtYs="},"rails_admin/colorpicker/custom_submit-3a57bad878f6d608b998e36acefe2325d786d4631abeecc5d400ca5c062f5ce5.png":{"logical_path":"rails_admin/colorpicker/custom_submit.png","mtime":"2017-11-12T15:47:42+01:00","size":791,"digest":"3a57bad878f6d608b998e36acefe2325d786d4631abeecc5d400ca5c062f5ce5","integrity":"sha256-Ole62Hj21gi5mONqzv4jJdeG1GMavuzF1ADKXAYvXOU="},"fontawesome-webfont-7bfcab6db99d5cfbf1705ca0536ddc78585432cc5fa41bbd7ad0f009033b2979.eot":{"logical_path":"fontawesome-webfont.eot","mtime":"2017-11-12T15:47:47+01:00","size":165742,"digest":"7bfcab6db99d5cfbf1705ca0536ddc78585432cc5fa41bbd7ad0f009033b2979","integrity":"sha256-e/yrbbmdXPvxcFygU23ceFhUMsxfpBu9etDwCQM7KXk="},"fontawesome-webfont-2adefcbc041e7d18fcf2d417879dc5a09997aa64d675b7a3c4b6ce33da13f3fe.woff2":{"logical_path":"fontawesome-webfont.woff2","mtime":"2017-11-12T15:47:47+01:00","size":77160,"digest":"2adefcbc041e7d18fcf2d417879dc5a09997aa64d675b7a3c4b6ce33da13f3fe","integrity":"sha256-Kt78vAQefRj88tQXh53FoJmXqmTWdbejxLbOM9oT8/4="},"fontawesome-webfont-ba0c59deb5450f5cb41b3f93609ee2d0d995415877ddfa223e8a8a7533474f07.woff":{"logical_path":"fontawesome-webfont.woff","mtime":"2017-11-12T15:47:47+01:00","size":98024,"digest":"ba0c59deb5450f5cb41b3f93609ee2d0d995415877ddfa223e8a8a7533474f07","integrity":"sha256-ugxZ3rVFD1y0Gz+TYJ7i0NmVQVh33foiPoqKdTNHTwc="},"fontawesome-webfont-aa58f33f239a0fb02f5c7a6c45c043d7a9ac9a093335806694ecd6d4edc0d6a8.ttf":{"logical_path":"fontawesome-webfont.ttf","mtime":"2017-11-12T15:47:47+01:00","size":165548,"digest":"aa58f33f239a0fb02f5c7a6c45c043d7a9ac9a093335806694ecd6d4edc0d6a8","integrity":"sha256-qljzPyOaD7AvXHpsRcBD16msmgkzNYBmlOzW1O3A1qg="},"fontawesome-webfont-ad6157926c1622ba4e1d03d478f1541368524bfc46f51e42fe0d945f7ef323e4.svg":{"logical_path":"fontawesome-webfont.svg","mtime":"2017-11-12T15:47:47+01:00","size":444379,"digest":"ad6157926c1622ba4e1d03d478f1541368524bfc46f51e42fe0d945f7ef323e4","integrity":"sha256-rWFXkmwWIrpOHQPUePFUE2hSS/xG9R5C/g2UX37zI+Q="},"rails_admin/jquery.colorpicker-3a18b8912af93099a30d1cf8f47c1084f093d1d208863a218e28f098f64dbf78.js":{"logical_path":"rails_admin/jquery.colorpicker.js","mtime":"2017-11-12T15:47:42+01:00","size":18775,"digest":"3a18b8912af93099a30d1cf8f47c1084f093d1d208863a218e28f098f64dbf78","integrity":"sha256-Ohi4kSr5MJmjDRz49HwQhPCT0dIIhjohjijwmPZNv3g="},"rails_admin/jquery.colorpicker-ae694944178e24bf82e015da42e292a60d43f85261b69585b17a6f237aa05960.css":{"logical_path":"rails_admin/jquery.colorpicker.css","mtime":"2017-11-12T15:47:42+01:00","size":9167,"digest":"ae694944178e24bf82e015da42e292a60d43f85261b69585b17a6f237aa05960","integrity":"sha256-rmlJRBeOJL+C4BXaQuKSpg1D+FJhtpWFsXpvI3qgWWA="},"application-0f8bceddff22d59a2e1fc9f02b7db5b311b072c579cc76279a5710d9eb67e117.js":{"logical_path":"application.js","mtime":"2017-11-15T20:09:25+01:00","size":84070,"digest":"0f8bceddff22d59a2e1fc9f02b7db5b311b072c579cc76279a5710d9eb67e117","integrity":"sha256-D4vO3f8i1ZouH8nwK321sxGwcsV5zHYnmlcQ2etn4Rc="},"application-f0d704deea029cf000697e2c0181ec173a1b474645466ed843eb5ee7bb215794.css":{"logical_path":"application.css","mtime":"2017-11-15T20:04:03+01:00","size":676,"digest":"f0d704deea029cf000697e2c0181ec173a1b474645466ed843eb5ee7bb215794","integrity":"sha256-8NcE3uoCnPAAaX4sAYHsFzobR0ZFRm7YQ+te57shV5Q="}},"assets":{"rails_admin/rails_admin.js":"rails_admin/rails_admin-bb7e8f51079c28007cff89e1f3e90b1a2f342e878ac21b77e9e1f1ef3a045e17.js","rails_admin/rails_admin.css":"rails_admin/rails_admin-393512a1a7c0061ad1c33ca264c8f88a6c00d8988fc43f0e7b7274870fb4ff3f.css","rails_admin/aristo/images/bg_fallback.png":"rails_admin/aristo/images/bg_fallback-bad53cee26694a42bdba717337e2de9f997ebf3ded300b8c3ff48ac5192c1903.png","rails_admin/aristo/images/ui-icons_222222_256x240.png":"rails_admin/aristo/images/ui-icons_222222_256x240-310ae73efc6774716f0a80ce2141565fddec51702330a8066fd5e220437ae321.png","rails_admin/aristo/images/ui-icons_454545_256x240.png":"rails_admin/aristo/images/ui-icons_454545_256x240-d59c6da436d1a19aa35bcbf2d400ad160f2b2568fbbfa2f9ebfc192d14025474.png","rails_admin/aristo/images/icon_sprite.png":"rails_admin/aristo/images/icon_sprite-34a30806fcba43a2effc9739cb7a370a865199a7d38bfcbc7c2474ef3ff70ded.png","rails_admin/aristo/images/slider_handles.png":"rails_admin/aristo/images/slider_handles-4b523f3d1bd18af5fec23ec7d58ed85e4c7e8f4685fe85a8407e2d9017bf6484.png","rails_admin/aristo/images/progress_bar.gif":"rails_admin/aristo/images/progress_bar-a2ed712d76dcffc7a06918cd389511bca2cf7bb91c12b1d865bf44c7b2c46289.gif","rails_admin/multiselect/icon_sprite.png":"rails_admin/multiselect/icon_sprite-34a30806fcba43a2effc9739cb7a370a865199a7d38bfcbc7c2474ef3ff70ded.png","rails_admin/multiselect/ui-icon-circle-triangle-n-light.png":"rails_admin/multiselect/ui-icon-circle-triangle-n-light-e7daf3169259a9fd6b8177b8e89ff2b964cd3dababd580a46d7fb4eecc07763b.png","rails_admin/multiselect/ui-icon-circle-triangle-n-dark.png":"rails_admin/multiselect/ui-icon-circle-triangle-n-dark-bb53269e44173a496d2620bad201ca838a57b67c40b3439b5ce89345ef9e888b.png","rails_admin/multiselect/ui-icon-circle-triangle-s-light.png":"rails_admin/multiselect/ui-icon-circle-triangle-s-light-e1698d37f37f7db85ce6736810a34b1a229306be8a3f3be156fbaa47dd6cd160.png","rails_admin/multiselect/ui-icon-circle-triangle-s-dark.png":"rails_admin/multiselect/ui-icon-circle-triangle-s-dark-2bf097798e2b1db766a16ff4f335d3fe94bd51f92dc2ddf47c8a370ba31189c0.png","rails_admin/colorpicker/select2.png":"rails_admin/colorpicker/select2-8ddf680d1a86d603653e43f694bbb6dc1010aa81f5c0c9c87181e10e064e503b.png","rails_admin/colorpicker/custom_background.png":"rails_admin/colorpicker/custom_background-52967b595ae718ad95520b9cf2b22551fb8cb0d81a171db869b00d2b604b4976.png","rails_admin/colorpicker/colorpicker_overlay.png":"rails_admin/colorpicker/colorpicker_overlay-ba21ab85c59167b61af508e34a22ee344c97bb11454d287a47691fa2fb182856.png","rails_admin/colorpicker/colorpicker_select.gif":"rails_admin/colorpicker/colorpicker_select-980ae86d6aab751f6f67a1191d78c0fa54b533583456b905ec43b34d5806ee2d.gif","rails_admin/colorpicker/custom_indic.gif":"rails_admin/colorpicker/custom_indic-8ca62ee85015e67671f2312a2fead633740335f65e254d8f4c3ea29b99f62de7.gif","rails_admin/colorpicker/custom_hex.png":"rails_admin/colorpicker/custom_hex-4b1a7b08312edc3732cf30c7d8d5291abea41c64311c3d05d67a586cbe3dcf37.png","rails_admin/colorpicker/custom_rgb_r.png":"rails_admin/colorpicker/custom_rgb_r-54289ccad89df00514d84ba6d16d1a0abc0d61de95dcfc054bf2202e238a7cb6.png","rails_admin/colorpicker/custom_rgb_g.png":"rails_admin/colorpicker/custom_rgb_g-8ab4d41c46fc26080b75eecc6f8c25d8f6db5264cf56ecc4993f86d100ebd71f.png","rails_admin/colorpicker/custom_rgb_b.png":"rails_admin/colorpicker/custom_rgb_b-22f2da1810cd9da18a1f93418b8f45bd3cb676aa9790ad5e1aba37779fb3ac31.png","rails_admin/colorpicker/custom_hsb_h.png":"rails_admin/colorpicker/custom_hsb_h-df01edb80a710cdd9d9057201eaa682a8c86cd80ad6c6929f1d4a9182ad6aed3.png","rails_admin/colorpicker/custom_hsb_s.png":"rails_admin/colorpicker/custom_hsb_s-9277f3fd9eb79baef2384f7b38968184fd40d631024149c7b41543b7796c0706.png","rails_admin/colorpicker/custom_hsb_b.png":"rails_admin/colorpicker/custom_hsb_b-7160b5fd5c5779102cb91f771b80ef2621dabe10bf06e8359deaefece831b58b.png","rails_admin/colorpicker/custom_submit.png":"rails_admin/colorpicker/custom_submit-3a57bad878f6d608b998e36acefe2325d786d4631abeecc5d400ca5c062f5ce5.png","fontawesome-webfont.eot":"fontawesome-webfont-7bfcab6db99d5cfbf1705ca0536ddc78585432cc5fa41bbd7ad0f009033b2979.eot","fontawesome-webfont.woff2":"fontawesome-webfont-2adefcbc041e7d18fcf2d417879dc5a09997aa64d675b7a3c4b6ce33da13f3fe.woff2","fontawesome-webfont.woff":"fontawesome-webfont-ba0c59deb5450f5cb41b3f93609ee2d0d995415877ddfa223e8a8a7533474f07.woff","fontawesome-webfont.ttf":"fontawesome-webfont-aa58f33f239a0fb02f5c7a6c45c043d7a9ac9a093335806694ecd6d4edc0d6a8.ttf","fontawesome-webfont.svg":"fontawesome-webfont-ad6157926c1622ba4e1d03d478f1541368524bfc46f51e42fe0d945f7ef323e4.svg","rails_admin/jquery.colorpicker.js":"rails_admin/jquery.colorpicker-3a18b8912af93099a30d1cf8f47c1084f093d1d208863a218e28f098f64dbf78.js","rails_admin/jquery.colorpicker.css":"rails_admin/jquery.colorpicker-ae694944178e24bf82e015da42e292a60d43f85261b69585b17a6f237aa05960.css","application.js":"application-0f8bceddff22d59a2e1fc9f02b7db5b311b072c579cc76279a5710d9eb67e117.js","application.css":"application-f0d704deea029cf000697e2c0181ec173a1b474645466ed843eb5ee7bb215794.css"}}